arrival_rate,service_rate,num_doctors,avg_wait_time
7.595698376095844,2.45092379346119,2,50.35216541142703
5.78238426454105,13.74296718869432,4,2.7626725509252484e-05
1.1006201244074831,3.1133056461941857,2,0.014692675264151269
3.924559726062338,7.808694442870898,2,0.008960773143069594
5.950133006536081,9.008017369453391,5,1.1270570977629585e-05
8.479982656103076,4.526675459655995,1,74.10457983460338
5.537633487194075,6.198063839573822,2,0.05170762973697511
7.8493375304330035,11.124916243213526,1,0.17680662540770134
6.77305331336168,5.652997247708063,5,0.00026014233190402015
3.3228180587611726,9.92982392360673,4,0.0
4.732007998959727,4.443326032922205,2,0.07737059062213543
7.179330624581137,5.771334157637348,4,0.0022279660848010413
3.4638738224365726,6.497880915630805,1,0.1753080654291775
7.51812410990413,5.120230558706442,2,0.2569380713386933
4.357752544795405,13.841955410137457,5,0.0
7.49362679751199,11.437087027556093,5,4.3007948399374776e-07
7.0259239524232315,11.047844212558676,5,2.1791999612788088e-05
6.0540301931923155,12.825838211194,3,0.0005981501205809457
7.879703267408641,2.7698924796261983,1,98.75868573575066
6.562661042074129,9.614314508781643,5,1.2205948077130026e-06
2.3518003048022615,12.515074466452152,3,8.059207716587742e-05
9.548416059558203,12.504900179405913,5,6.895405104607195e-06
6.241944555545201,3.9563351452037665,2,0.5301291229590291
9.860938162123643,8.931346781826779,2,0.044939747515908415
3.979793625094762,9.564775347724257,4,0.00012189943247113568
3.5396482875680926,14.069613623832153,4,0.0
7.256074050183716,10.01040232486046,3,0.001685022067922568
8.924351035028188,6.566061350885084,4,0.0035857735938134706
8.003961516631808,10.946100078506955,2,0.014043946819419107
8.17391054642692,7.891785623395331,2,0.0493156850786775
2.382025656145541,8.67643773103967,5,0.0
2.441977410302428,12.541287356753504,5,0.0
2.549873234024549,12.30245499701595,1,0.022819026321964527
9.160937558540425,7.412797207444111,3,0.013042002618908165
8.031974028858876,9.636151064879364,1,0.5537042509697139
1.0683727690926095,9.570350945203092,5,0.0
6.88889409753895,4.644911665361439,4,0.006394698104866049
5.560289411308275,3.4259228923467258,5,0.003059897882688947
9.737118701487521,10.983354239815268,3,0.003109176867854143
5.68316453768321,13.15281970557379,3,0.0003052150396434281
6.01052432913983,11.878046537956243,3,0.00035274606924936696
8.007620785576357,10.390740462944827,3,0.0017365425770971595
2.5377847139640455,11.391948701118999,1,0.029904816266306655
8.095064854849525,12.207529707863353,4,6.703324905426761e-05
1.982777221100302,2.6730770475648162,2,0.09356902488925647
8.134639872539585,13.59981274806368,3,0.0006147408147067011
7.304608995816096,9.15631335942797,5,3.845037270941922e-05
6.007152920183028,13.627608242690389,2,0.0026631697090846755
7.666144485929307,13.02127079210495,1,0.12282123458999815
7.893231079783637,9.476838379334811,3,0.0027447082263484437
3.3365611991903803,11.465014150292195,1,0.03431395858962451
9.190244184777686,6.213757585322151,4,0.00436221122774738
6.4405629059543665,11.640361420195385,1,0.09775800433884517
9.154177998839488,2.9349210853246497,2,52.85428878311347
3.497195291592118,9.370037354097146,3,0.00018099673212906928
2.0956647655975242,7.522635227252602,4,0.0
8.884829515631207,5.629461755329763,1,53.6377968977689
8.391883811710155,6.009558203040871,3,0.02129007391914839
7.348647970462986,9.510274524899492,1,0.3324861421891213
7.3256605969332345,2.719362816244539,1,94.19580350351747
1.8268585994748503,12.85466603077079,5,0.0
1.0217536486240215,13.80941196625379,4,0.0
8.697204235985478,13.503614900277638,4,0.00016426161009968395
6.9934911700724065,7.486355359569078,3,0.0049273750023832346
4.542434530651345,14.035926089709703,5,0.0
3.908884202592116,10.12926130129117,5,0.0
1.4487179594933774,7.767431564553017,2,0.0006899375696083046
9.24600827974257,6.675774076977517,3,0.017847472900910693
9.70944123466599,5.675451000861363,4,0.007168124262472215
1.0175933622110889,4.521626377034058,3,0.0
8.410112604601334,11.930933038872592,5,0.0
5.370032507927769,14.062082435225845,1,0.04901989375928104
2.37375783704713,9.093139193100463,1,0.03522947661856678
9.118315552011621,7.623651422627903,2,0.0614778211841036
1.25467508715129,5.036892085831949,3,0.0009485149586073788
7.587934355282137,10.220359957035313,5,4.630473399740203e-05
9.358672858605933,14.945210419508689,5,1.896107541549923e-05
8.637044860745998,13.801443743283352,2,0.007485003768640422
4.422743383676292,10.500928223535734,3,0.0003753764888260654
9.594065805454802,9.918516136970242,5,0.00011366118236492657
3.402764401708949,12.347716397602984,5,0.0
5.546239702787387,13.766258606781145,5,0.0
6.057299492431335,6.53813507216796,5,9.668969420090043e-05
6.858803540437402,9.709365495727749,5,3.766017647248254e-05
4.042370300808082,9.169808367905823,5,0.0
3.4001521767480254,2.9952742911951638,2,0.14274244476155057
7.973182919312733,5.123218107705406,4,0.004853447509555216
1.2538429135096378,4.858317826185585,5,0.0
8.933428255247087,12.523194328924323,2,0.011085282120422589
2.1021349782711733,13.530376529879383,5,0.0
2.6378684961508023,9.56014258886364,1,0.034387913156817385
2.1982271143744736,6.691308330128543,5,0.0
8.502649001994726,13.931108602150982,4,7.959739692219302e-05
1.1388655876981737,8.60980775159751,1,0.024188776130189393
9.769359403596031,7.241190482257048,3,0.013834596218702642
9.079447801719452,8.825845668481035,5,3.052127147187638e-05
6.922541510793234,7.7494634393859165,4,0.0015140183610623877
2.4418337554035157,4.533213289156524,2,0.01773465547897824
9.44419250578398,6.293882424395027,5,0.0012863938332204111
5.484257490402442,14.210062685740812,3,0.0003960318679684088
5.462546045394737,8.178360568478727,5,0.0
8.05057490773962,9.675791984835342,5,5.230897816958557e-07
4.292434810299282,4.546712706110948,3,0.008083316290814338
2.775375497135143,6.609037397912948,1,0.11384285341312833
1.3201369633484337,7.020133612425072,3,0.0
8.469651559536263,6.7462214320334795,5,0.0002573415259806222
5.888726975494331,8.273339040743238,2,0.018736253814206048
7.912186278907872,6.425716885809768,3,0.01704081397328957
6.457393120688394,11.025196547375353,2,0.00752785326933776
2.3801810479017966,3.3164063049643837,3,0.00771221328854518
6.573243790323096,2.8091252551852754,3,0.38148200146789696
1.120853869575821,10.562781445086962,3,0.0
8.203544148673785,11.836891168000875,4,0.00017187640998262338
2.5136621725542887,4.234430939535332,5,0.0
2.5489344155169285,5.740721905151084,5,0.0
5.914675091621413,6.564746219834936,4,0.0007770503227240949
7.212585754076269,10.834071909708952,5,3.105659009423489e-05
3.183105639105688,13.67419951248691,1,0.020031633418755124
5.621481518400554,7.027453578827846,2,0.02785205980561519
4.635089473066387,4.191505404765291,2,0.10681119972658464
5.8843202303131745,5.965396507905874,2,0.060807182755176145
3.1130741809640163,12.612887903486842,3,3.697408851788827e-05
9.053074724318694,11.12051291715961,4,0.00031092148414814196
4.038125596384411,13.123093340773469,2,0.0008793145458777695
4.19404220943556,10.509533477368585,1,0.05064906472864263
8.492885687248949,12.607045634572698,3,0.0007468119482680752
5.303644500110194,9.335881163981712,4,0.00021989541848295934
4.279491115593338,11.286060456393155,4,0.0
7.6446203764230125,9.71991481785027,3,0.0020161352585069633
4.5628279697956575,10.500765625354822,2,0.003945473705933294
6.238065628012081,5.403502926048864,2,0.11068324650090296
1.7136199482824677,7.118688619659033,5,0.0
3.2529066544545553,12.25437374301685,2,0.00124409979277561
9.55619076325657,13.401307977837531,4,0.0002772817998927872
2.9398287422011995,7.5370727625444065,1,0.0801638841324041
6.863818241413039,12.424122153815045,1,0.0829757929648736
8.048274051128772,11.515605299834894,5,0.0
1.828667709840874,5.099086806989252,3,0.0010802982171269065
1.0490734594672584,12.339615689003335,4,0.0
3.5765727233598867,11.803554675739738,2,0.0021761141946766835
5.954603317553107,12.933750130741302,5,2.7547832774732537e-05
5.590746440789407,13.137063945208084,2,0.0043572819172069425
1.770307312061223,5.40509184147049,1,0.0985983845544422
7.777939269116175,5.8563149479971335,1,41.269292585285534
5.024654381431863,11.424458409183288,3,0.0002949222892145523
8.597606156860309,7.205452227840319,3,0.016467795043475134
1.6354560126319617,12.209288521480335,1,0.009810314003302038
6.378332089615289,8.546476500885685,5,1.0172684285572521e-05
4.767116164325836,3.741661232174521,5,0.001195949150691458
3.238908246829871,10.768799297007332,5,0.0
3.6283878072096387,14.675288455877599,5,0.0
4.647274983717485,5.0655552457462445,2,0.06366065941860577
6.486242294504062,3.041850773924469,5,0.014088556093863006
1.4183825146186195,2.5656429620479795,2,0.022580784314440074
2.2516288796554553,13.98612123335167,5,0.0
7.415756006078581,11.666932117677614,1,0.168730432368037
2.1009207520319357,8.332057775418114,4,0.0
3.571613561395732,2.9219617003950544,1,28.786758870018716
4.603325973271303,2.778988247664225,3,0.08730211913154998
5.888856364475943,12.583793990261645,4,9.526522825473452e-05
4.211645842918895,10.913211999887997,1,0.06610097072608938
2.248956018831617,3.4167144960051807,3,0.005115707823047777
1.7224086405308792,5.855927678886829,5,0.0
3.5247553603333475,14.130438594649245,4,0.0
3.4032943661090016,5.01151391289259,4,0.0003657493612882885
9.594288217924307,6.765776055914472,4,0.004866281922743391
8.056373602480733,14.595003253783995,5,0.0
1.8615076002823159,14.535352877796482,1,0.010110426477172373
7.675245640292619,12.662523092265962,2,0.007507559901883241
8.384595405277649,5.016256716169292,2,0.5330620254769158
2.4169346534360634,12.474967094400718,1,0.027776191624866383
6.0884118912628375,11.358679074763202,4,7.169363238125594e-05
5.4116161897590755,12.082222888108461,2,0.004014466937009215
5.127926042858319,11.772234629184085,4,1.0868738730558279e-05
6.188211159039119,11.445482140667043,3,0.0005768301323024268
9.004494240076584,2.846875302759312,3,9.878646910754453
3.7515530096263636,9.133800658052674,3,0.0004407219937652997
2.3489597134739757,13.800286484522847,4,0.0
5.4471879495281375,3.1543374538523037,3,0.08670646170840388
3.841685857804559,4.719593198777432,3,0.0042945907700128304
7.498009242451637,7.926815508682086,4,0.0010453103038134946
6.802301642773195,14.115255423748167,5,0.0
9.491127188096597,3.6094938934523113,2,41.98771961897653
3.276412663275658,8.625324438723972,5,0.0
9.206740880350432,13.125895268557379,4,5.9932281762897277e-05
9.371690937607502,7.477573612053695,4,0.002219727646164647
9.927397651339406,10.214211320929836,2,0.035399739721352526
4.3266517547557095,8.32058833766634,5,0.0
7.317783058553895,10.363408520065832,1,0.24924415912069015
7.274689553219939,14.72803470150089,3,0.0003642363029972962
1.308794926503142,6.321730933039618,3,3.9625661627487194e-05
5.855126023162906,13.120406443192953,1,0.08511810405750592
7.887297892409217,7.918586886449736,5,8.753116009508905e-05
9.285905486951735,4.438064008930594,3,0.15936177265459975
5.302497855593229,11.241007703389295,2,0.005094932988983907
2.525751536557388,2.5036525730648975,1,4.387403689391798
1.722597247763638,5.755651994546102,5,0.0
7.614501916540082,11.041067923829544,5,0.0
8.580099929217237,12.750318599389535,1,0.17644642589259357
2.7188445913337627,2.3206260660210187,3,0.023263497978019024
2.201686940539401,8.26828968272596,3,0.00042424980519535134
4.12959466019062,10.888751346731336,2,0.0033288130860858163
9.384243706019083,13.95589291835258,3,0.0009327243117441723
8.942155783460384,12.111672055151802,3,0.0017600654907821243
3.353386176634151,14.305001607495425,3,5.127735694341965e-05
5.567132803413125,10.347557534795605,3,0.000656402186111282
9.205843630416155,7.697969382049255,1,25.683772073034685
3.2389566196736546,12.476969232098364,1,0.03002722126893549
5.962386063807062,4.773940115633964,1,35.9859844890991
7.965973046316651,8.789017996797652,4,0.00046780053711926653
4.250197760159683,10.943779268032442,3,0.00017120754896166295
8.036064820843734,2.371784231333062,3,25.652393406307482
4.388560210787668,11.669362347016591,5,0.0
4.710616844456705,3.1519656023718063,1,52.545107073369174
2.2696855592521183,11.490411668010648,1,0.021218306022017654
8.369300101684825,7.7546809954502605,5,9.596567324060447e-05
2.4014592505937324,5.770340518732572,1,0.09791914631640944
5.224665619502717,8.057341049189578,3,0.002311483374930485
4.118958663713052,14.531050307491885,3,0.0
9.87549487537998,13.698930772110995,1,0.18224209811837325
8.48691607963798,6.1379491407535,4,0.004046554071191127
7.09681188680894,12.924634531112355,2,0.007044329505131745
4.170672156486352,14.215288211768168,4,5.486296563236804e-06
4.27944216173725,7.363488575382132,5,4.229496820772417e-06
6.723742902286603,7.617910650659267,2,0.02444421565869961
3.289420740913442,9.370042549223818,3,0.00028552676998391927
2.798386837712761,9.053479669266032,2,0.002542225419617437
2.0035930167266214,5.266671896301959,5,0.0
9.550245990071573,7.718530247441222,1,23.01082897946932
5.099778478196921,7.78434230188814,4,0.0002849152436302633
3.6083291296120628,4.929549776720395,5,0.0
1.99350899051543,8.663587248029835,4,0.0
4.536064641353559,11.462857333971476,2,0.0024165296704287587
3.7379733156381185,9.26500992547261,2,0.007136709371225703
7.517728761398452,8.024647390733591,1,1.7079607669844639
9.551574032054587,3.827013340246478,1,89.2208231808174
2.702344183508444,2.299998008590855,5,0.00032527190889634384
6.263607377183141,8.0203798248244,4,0.0005610220300895033
2.6544375367314563,14.939335683969395,5,0.0
6.627323274980359,12.16213501639749,3,0.0003637927466202214
4.030537244135054,10.95099068303921,3,0.00013649599308563566
5.933107084298012,13.125535299975562,1,0.0771044777374973
5.829968659423197,13.09884489506698,4,9.48649555615815e-05
7.1194793320892975,4.371774724624984,1,55.900331424550075
8.487471582284154,10.308038228823857,2,0.017457287906228327
5.1637222539520815,14.803263306599103,3,0.00010205789786876865
2.297535016292805,11.834495465244112,3,0.0
3.2736262059751207,10.001625117530711,2,0.0017279138197020087
3.1185815370342373,2.1533984299050193,3,0.0694403392355402
6.84843626606618,6.798982696422339,5,0.00013183345789359412
1.3592137378086586,3.5016406325852794,3,0.001151882542825052
8.804734313728055,5.177161460350726,4,0.00966819208461953
8.25299754491369,7.229717111257904,5,0.00014693286337756043
8.18905792973969,6.8677680160695775,1,24.112172392150462
2.7195438526876172,13.627791550807178,2,0.000686869938718475
7.7585350815577225,11.418291775899558,2,0.010174841363441453
7.061669648444395,11.734021786296868,1,0.11687118375438
4.616376088886727,2.2385947795429413,3,0.28361128819147285
1.9430021886150899,3.6709486005705885,2,0.02213511508794791
1.0208208576803823,8.225857103890604,4,0.0
4.310282161069409,13.694243032407925,5,0.0
1.5863131972580056,6.666380361317504,2,0.0019064343543458535
9.882039523308546,7.941295591836509,1,34.79524604135812
4.220113328698693,2.441832136002356,4,0.030041462236281406
7.560157303423103,13.497798328602347,4,0.00010228807628889977
8.34582155704019,5.706089716302043,4,0.006258518938858181
5.371988974466363,11.738375570654398,1,0.06945248657938054
5.065948912695089,7.571757703850287,4,0.0005353983525480168
5.083180970490613,12.82770857563219,4,0.0
3.803738433969772,5.027224472288918,1,0.6571536007224597
4.633320408828403,8.065549509149752,4,0.00011536019324728353
7.619034073925716,4.166599359222442,5,0.0034295539461291083
7.094357928330414,3.948112425588401,4,0.014799819405905015
5.988039262012416,8.096041394807411,5,3.8380434554294406e-05
5.876848360770936,4.943275055579246,3,0.013786660466948616
7.277911547339229,8.048729454762952,3,0.005278855061419476
9.74344563783212,12.177184112332702,2,0.012258637950839124
1.343822437691311,3.106079112367293,4,0.0
1.5835476587121935,6.654675390319336,1,0.05537499302237406
6.585927843108496,2.257653169479753,4,0.20724814370147948
6.239396643139565,14.070483419510612,2,0.0031977286400041616
9.338479311547385,7.82497302043152,3,0.010123985005445334
3.1225508029091684,4.817048347337694,1,0.33015990177980564
6.362822493230078,5.5769480878497735,1,19.36521009972973
9.897333279174434,10.721662643955803,1,0.6690465643815381
8.874268160499188,2.890379796608802,5,0.039899020011179426
4.823396833576604,2.4675445344852274,5,0.010139904566789966
9.5991515296634,6.362386500935267,4,0.0036132350512819017
2.8407367527502867,4.36202465106882,3,0.004734173892208756
3.8895232168108125,11.745896740656308,2,0.0024907751783857343
5.907383226471545,7.5484739575031226,2,0.018638012980658255
1.5168832128403706,3.0439774302391114,5,0.0
5.594119484544599,8.80848036782373,4,0.0004240684711585853
2.04547522109013,13.60265234993226,4,0.0
4.4532119537637005,4.620161765211101,3,0.006850695779804375
6.263200641757841,13.178280757698634,3,0.00034009091613160464
5.867812197367582,14.53594828666499,3,0.00036625442843864876
5.433694710285054,3.2738069195747017,3,0.07276702813189075
8.940584517341453,10.167964426431256,4,0.0004812218815227134
4.5259948124230505,4.923546781237613,2,0.0463823773463852
4.228870324039933,5.059577981596239,5,0.0001092585169270711
1.3980587613909536,5.73093006665884,5,0.0
4.0493199512468685,3.403596257283751,1,27.731029082069924
9.369377025756398,6.834404230399719,4,0.003087433713699654
7.440807696374973,9.102524191161024,1,0.37877106632269913
3.72420437110993,3.6371850692903553,1,18.460260896669276
2.363397815182744,5.867818189563845,2,0.0035178723871832824
7.547178679303714,4.179568824197077,3,0.08202645003360877
6.564140279960686,13.232019843056502,2,0.004997046554200105
3.6532265811203115,6.392191753528442,1,0.2011698292296177
5.385175510950914,13.482481037408856,5,0.0
3.7124984793297258,4.593024428786045,5,2.1752411096711852e-05
1.3632970275524547,12.104211055708387,3,0.0
3.4583556018194304,10.940231532978544,2,0.002264560211805982
8.997731473894701,2.0695467295503143,1,114.49329488302561
8.425675754194783,12.855658390046125,2,0.010888459104026315
9.88865205492292,6.399118588270274,2,0.2068802430644758
6.2185789990700675,4.3513282146934005,5,0.001041230183821234
7.050015907823266,14.404114437897354,5,0.0
1.279038668572899,2.260866734396968,4,1.811044120358929e-05
9.109204880663425,11.314201009453177,3,0.00187749856792565
1.0005244546112544,14.213034374598973,4,0.0
9.869849890501953,11.10685283943701,2,0.01764635936316432
2.5178560469652242,11.747208386115158,3,2.8875318860734976e-05
6.4435065098653235,11.903381332277464,2,0.0056644927179097795
1.221758742202467,11.637074599778543,1,0.015509739626121182
4.525413783619448,2.305122796234756,1,73.7535063096137
6.634591649988533,5.0110890285191285,1,30.027599064211138
8.055365237907878,3.379958455857874,5,0.006618621943879456
6.392980131356362,6.991514042013884,4,0.0008767062048014231
4.481061594773893,14.1286010586565,3,1.6661085686237882e-05
8.494541427135594,2.5419969447373703,3,13.656086045918991
7.204067250711174,6.173372314447757,2,0.08031314851936588
8.320981384667254,2.825846932368601,1,96.44284188051105
1.8413610792775497,10.2840248611024,2,0.0016210977247000963
7.892888789627533,5.050013595105053,3,0.034886942459540694
3.925722039368904,8.372335202160814,3,0.0009081576051505753
5.9536478214619,8.365754161528466,5,1.889662490450782e-05
2.4529476030590405,4.473330287462848,3,0.0007285716161110642
6.39936788917128,9.97089316987902,4,0.0001193080996834117
8.960871830159942,4.640839605791896,4,0.012860842774232405
7.2230647700571975,9.383155172212449,4,0.00045898696896661537
5.7663987951105335,5.107121418258353,1,12.929629483618543
8.048295362625765,8.697398974386452,2,0.039696845926564715
4.605988320682419,6.55295730142152,3,0.0017646868377326425
6.76190005905883,8.88264581622396,3,0.002380895779298723
6.047735717378547,5.461342002968329,1,19.627702430061078
9.17411662151722,5.899106923150755,5,0.0009772692263779132
8.679800373365712,4.834358825200514,3,0.054098157228961795
5.9447658304958395,12.736922092685958,2,0.0032320177134737946
6.5856556611831705,5.732114119956267,1,16.542322251039362
3.3070361855255457,3.4745323613879786,4,0.002175506474423615
8.742125520806624,8.880973438825833,4,0.0005079042842488102
9.385524384600988,10.280108163968114,3,0.00384626471564749
9.880527693174466,9.117802785338213,2,0.03615548675978845
8.88035444901612,3.512990100061176,2,29.364714129268428
5.155793482744647,6.474040842192068,5,8.237986036285627e-05
2.832055227233138,4.072656237991433,5,0.00015460609085424994
9.267898248759382,12.789469989754846,1,0.18469085391391643
7.756858555752231,8.133776923918838,2,0.03347354462826584
7.381723555159244,12.762150604813254,1,0.09778312818820065
1.2713069059831392,9.475821115108651,3,0.0
8.170370144079389,7.995537529751363,5,2.3688501709868892e-05
8.047224683948196,3.4185907903867725,1,83.73254997384619
5.870708775025922,12.730761359573151,4,1.3887443542327789e-05
7.861827611285708,12.08356786194772,1,0.16591925861391096
6.811224919831038,8.716874644126037,3,0.0017136506552299234
1.0492196171417656,6.640513279129283,3,0.0
3.6122455423879387,6.4387841197991715,3,0.0009264327121266234
2.5331340622284477,12.231876744698502,4,0.0
2.39404459794465,12.534578900689851,1,0.020148978800447526
8.696998532400547,2.2548053779724144,4,2.7564022260125243
5.002622999098725,12.407388590925672,4,2.8813477490851085e-05
2.276746473846303,13.0075669228896,2,0.00012853620709001056
7.775524655412136,5.85624897699029,2,0.13782908499203442
4.39752918469205,4.536517786835818,5,8.646316682012733e-05
2.592085181635353,2.8495718663356553,3,0.010110127423193224
3.22268417958126,14.930168513611372,5,0.0
1.055245840913384,2.8633535811564066,2,0.014967944481186213
8.44319921781967,14.533486666293285,3,0.0007556882176155644
5.737641713506565,5.69698351935005,3,0.008320184790511179
1.4771269006228143,13.632279239094798,2,0.0004287465372999808
1.8680848242302797,14.055830246122342,2,4.344650030885682e-05
1.547518476622162,5.26558507360814,3,0.0003442383207424378
4.527924647494337,12.348057960027184,1,0.055722781421476845
3.6080033726484237,7.50160286219609,4,0.0
6.2774020011329075,6.835375991528741,4,0.0005416539230493927
5.703807401999511,9.993427688739587,1,0.13164813714903506
7.8472473402294725,6.370296433402809,5,0.000471368416209938
6.057107199101134,5.03679687605317,1,32.86333830569448
9.333750157814343,5.849134174478026,4,0.0067104765351338955
9.719121314287758,8.051782737470251,1,28.902713819884326
7.388847289383738,7.964472488723374,3,0.0050804459921331094
3.0021090091335116,2.715453890674254,5,0.0
5.463977528190325,10.103284701887917,2,0.006668260626895979
1.4467927690552445,3.7429516104580243,3,0.0008330915643924966
7.766064498134488,10.508686286215745,3,0.0014162880340629568
7.6847560441863445,12.969481040278417,3,0.0008481527849573685
8.562521916173559,8.335343235145025,1,6.404752467466924
3.7563107397714286,7.680393502519564,1,0.10408109388280636
8.269790894971866,6.282066010116663,3,0.021403052221716727
1.798561289025448,8.440843802696415,4,0.0
6.17085250742925,9.821857889737942,1,0.16293344624267458
4.410505845970544,3.905872401141532,1,19.53698796855282
6.802420049890668,7.807608353979122,3,0.0033820295540939937
2.361416209758846,8.501036082515412,3,7.657205485610537e-05
5.255459259810504,5.005984507907316,1,7.486419737860976
8.52084124362002,13.617544776831652,3,0.0009275197919696617
6.815741560264405,2.4225106555180087,4,0.08615706976088375
5.693338747175828,13.945606142622838,4,5.669466057532491e-05
8.317822759825516,10.70722961775115,3,0.0029635116088725343
9.907620718249875,14.360429145695479,4,9.866773539006168e-05
8.316150887348169,10.664090272877354,4,0.00018458142418585665
5.809389892903941,2.002348734589928,2,46.18738967202437
6.127568363972744,5.582970234430228,2,0.07350459486554682
5.294939900768856,10.078450153040238,1,0.10325444567943297
8.924254616690174,11.749092988097749,4,0.0002721475387388599
2.4097736715891935,5.711252145116646,2,0.009831026403980876
4.481276266348816,10.538690853590396,4,2.8437899342244013e-05
8.976993563458434,5.201071262706486,1,66.2824096505611
2.9703202363843775,2.262181177900089,1,35.85785446128379
3.15119820705068,9.475481296015607,2,0.0015350141766016972
9.735375082752931,3.779817888115933,5,0.010990516707057635
8.769596857450825,13.33195036698548,4,4.654403623161001e-05
5.188401775211001,12.785058050642867,5,0.0
4.125823929249943,8.327941491381011,5,0.0
4.303193107368183,10.913790264227249,4,0.0
4.418626009101093,2.7940411740023157,5,0.0027454376052734714
3.1402532628550937,8.867021875207342,1,0.05754075588512963
7.423994036428289,4.590634144154687,4,0.005876436504540807
4.095663433714448,11.042385544628873,2,0.002601543175060474
2.8419413563856004,8.03297035624626,1,0.05447598286556226
4.958062546807765,2.6067513867833005,5,0.008782884019975002
5.91439685051481,7.491615942557227,1,0.3803098314348112
8.984121031114416,10.790220763214869,5,2.9064929557222053e-07
9.716881927431578,5.77118619189034,4,0.0060986922654688485
4.055144712531555,4.004477949324464,3,0.009974458173976868
6.743018817080457,10.482364441458824,1,0.14356701344315947
5.631474126136302,4.920632816985151,5,0.0005914698686818696
5.180204512331138,12.051641867273174,3,0.0002474098250538973
7.280007850381902,6.711850481921955,1,14.885867195065742
1.0264957115453304,5.3495405618267196,2,0.0024987626687829603
4.024973231794597,9.92087762962277,1,0.08545145514049357
9.723501896656687,2.7957914302834705,4,0.35093682361182904
5.467506968952368,8.046218259464098,2,0.01565809610950917
9.198672127732928,2.698049288282124,2,60.79218780896995
7.342537441582002,12.86163268332165,5,0.0
6.2432720911070945,9.518668071907463,2,0.01745016177748978
7.345812158495557,11.871723780636655,5,0.0
7.953033070520408,3.87863353492724,1,77.7238577571211
7.016126933241715,6.798727455601176,4,0.002095145784749917
9.580084415641167,14.965328773817019,4,3.9785823362288586e-05
5.566805059973809,5.811745325628488,2,0.05565066219320277
2.3729182903575907,6.331565802717469,3,0.0004987278775525313
4.2118973891308915,5.507578754572922,5,0.0
6.288108554905735,5.234271147047686,1,36.94545370286003
9.872858593921212,12.751978351064933,5,3.528847278465877e-05
8.54463872667919,6.560909472911545,3,0.01569164244183354
5.246202407961205,9.603944692311488,1,0.12332580026359755
1.9801560435554313,12.480482269821279,1,0.018453878311831217
1.3843500511147036,4.8142040805649735,2,0.0069295785963386595
2.189514279760529,8.355261704481556,4,2.6487909761381395e-05
3.0361531829958146,13.169123072636019,1,0.033345618958157394
4.487674500087148,11.324650752171744,3,0.00013008213708292724
3.9420470074295,13.92817636196895,2,0.0015226578818214704
5.232467190382568,12.103731335707046,3,7.414248951348144e-05
3.5654422574071276,7.442019209863671,4,4.39580844492108e-05
3.25215694244853,6.642922093525883,5,0.0
5.239775666727666,7.54626098398671,1,0.27049559474005985
4.909637780352179,11.817034312152362,1,0.05284047778815727
8.097587508275033,13.060796494873262,5,4.804725819953646e-05
5.626330298706297,3.4754473142851614,2,0.4802945884715824
7.933631589727196,10.396272180250845,4,0.00036266859724550155
6.636840780944777,8.191041786506325,3,0.003603860392564184
6.681572212594971,11.677930551842632,5,0.0
4.61895348748397,5.26999970666224,2,0.042817384893956055
3.573427994875537,4.9838671460696435,1,0.62265524750875
8.167785789022307,10.533436268014775,4,0.00028365375847734617
4.443286012384551,7.787189446186034,2,0.011536419860610606
2.3397659759240375,2.452041564137651,5,0.00014765216578556604
6.636538740482778,14.304195605299636,1,0.0579513044235075
1.1133657837798894,14.771350431289008,2,0.0
5.523642156096442,8.941435569649535,3,0.0009180121948656371
4.6929816935331035,14.852232674958357,5,0.0
6.086333311191058,12.545721456127078,3,0.00046689281553009723
5.0980083725341245,12.441267198270936,4,2.08592083455079e-05
5.422387457083802,8.97761268468609,1,0.1878634401101325
3.566147187671689,14.712230671182313,4,0.0
8.997098714544501,14.674524275576523,4,0.00019856597391508556
7.618172559787391,6.886793570166372,4,0.000956420743533121
8.352424664293839,14.456931062904005,2,0.005620776729744785
8.16828403157231,3.6550443704121824,5,0.01454426783810734
1.0716353622089505,6.781271234714217,1,0.024650643423477905
5.949128567522277,6.092542259054106,1,2.600177954453636
8.184325506787951,13.840227791226917,1,0.0963665710181751
9.704129552231684,14.731600796588165,1,0.09869231816046886
4.377537260966484,3.8295547042509677,3,0.031367072037787214
9.718508609344594,6.812344339192308,2,0.16589488649993714
9.627485743218669,11.40447082241776,2,0.023248985215477847
9.283976259787549,2.861322668615272,3,13.948672866208364
9.758818155592868,11.410073317542018,2,0.02301015558903161
6.580017410365107,3.050184080422086,3,0.18624592350707614
5.355152914030107,6.396963995496691,2,0.034736311440236575
5.215776820908656,11.678300338035868,2,0.003959584698170315
3.771394693091498,12.011215357053759,4,1.166259395561767e-05
1.583963488358382,10.587021312754183,3,0.00021925677879170628
6.9557346973884835,7.004919184683388,2,0.05221470133413752
3.669811053523615,10.230400278733116,4,3.263581620774716e-05
3.5814482348368726,7.190945959615239,4,0.00011948266713334726
5.656806258825519,2.397113252727351,5,0.011495964168202066
1.0361270836862464,7.761852403651143,4,0.0
8.615170375232946,6.552897385761925,5,0.0004190977608330702
3.8311315662463348,2.321643707851988,4,0.01928105913554111
3.5440848234574305,13.305706432644456,5,0.0
7.75166073684545,13.352365384964127,1,0.09813887990575793
1.6020235718815397,13.793952320759306,3,0.0
9.670084548751849,2.085043408067138,5,0.6615484370525488
8.829217574487604,2.36977671157565,4,0.9820894864502184
3.410852703156434,10.499837151181202,4,9.124412351744154e-08
2.421564161266264,11.846901013154712,1,0.02548476561072148
2.6800927746370053,4.65600182463829,1,0.42234408482513536
5.824008219219224,13.774183127673929,4,2.3283408114603507e-05
5.623992302549406,6.819121230781528,1,0.5267049192110542
6.540147966708576,12.471524846027704,3,0.0002819250597859449
7.001606081171565,6.928545022846337,4,0.0013237963533241426
4.25298401211786,6.798535550600649,5,0.00039577813762364247
5.464972630012941,7.067090888753491,2,0.024572723733775476
4.377856298163792,5.9817348555937,1,0.6437794697167
3.423832625957582,14.85819596596009,2,0.0010416423703263774
8.883199006761409,8.149452874027038,1,8.47527856145472
1.8764205542616779,11.775331477133332,4,0.0
3.596183671623109,4.935496513527902,5,0.0005262619897782919
8.447957964054673,4.109474855337945,5,0.0051177856997957055
2.3774192132646084,11.414765106517383,5,0.0
4.420359034582973,4.058162677829909,3,0.02102908367220263
2.8732442323796676,11.677528508737431,4,0.0
8.037552385765613,6.9681672960524095,2,0.08622056592191542
7.191103999767083,4.993020927829871,4,0.00598679956328729
1.8113156929029983,7.024325989342053,1,0.0689812703617725
2.9357982295859237,11.500988486731897,5,0.0
5.619082948758241,11.796418733071143,3,0.00040766002755602925
8.20243316150408,4.973595144196027,4,0.005441930042298312
9.456462170653033,7.1668155712469765,2,0.13778052603510468
6.27699440804577,2.7522464380587226,2,15.234081432364825
6.532710075348326,12.067191249497018,5,0.0
7.955053642241248,6.1816740452916505,4,0.0024976682396553986
4.982482871079419,9.245284546350717,4,1.0403250509518489e-06
1.2471341059088432,10.323341354469552,5,0.0
8.718865730431265,5.563338266928942,4,0.009314147235058731
7.184611247622925,12.390812640199258,5,0.0
7.95776825921517,6.441415734480557,5,0.0003083962229296955
3.5376311860770255,7.345103326058871,5,0.0
1.6593659108666252,14.320335628426761,5,0.0
4.918851845560365,13.351367140105708,1,0.040746236808529346
9.017230818782062,12.311003422349993,4,9.471273608967803e-05
5.442512470437178,2.854949487198068,1,75.54959518828294
3.137207661463237,8.38652810438106,4,0.0
3.247559286798562,8.058714626806498,4,0.0
7.9207055175748735,4.016668553059424,1,80.70509342234399
9.961028948103015,10.959651270778766,5,7.84957310697741e-05
4.152184057612679,12.00167589462007,5,0.0
2.1231790789206,5.877680249134652,2,0.004470947090378998
1.9723735423690805,5.904057172165102,2,0.004387931369929606
5.720119411513514,13.751126540265851,4,2.5375459093260617e-05
6.306574918779917,6.9158080651228895,4,0.0004270654352137064
9.903880184644462,6.245604718762462,2,0.19860141528060554
5.926848699811307,5.02687703092828,4,0.0020226001186403383
3.0794383179190223,14.162744291262783,2,0.0009078951489893663
3.581482422492644,14.464050003234217,5,0.0
9.842013397345294,2.572092984904632,5,0.1886472918575856
1.3065194028706737,4.802862978694504,3,0.0
5.605771395879023,12.152263653436647,1,0.05396255393361887
4.348223186394132,12.536242097442456,5,0.0
7.673648163312428,8.530099017663124,3,0.00475971063091974
2.969227911449174,14.5186288961141,4,0.0
5.360728610692453,7.012305025957885,2,0.021794614974777273
8.814405429736016,2.922409551989451,4,0.18088693384511056
2.9907650831624992,2.3563604364945774,3,0.0491412171624426
8.568765387063468,9.276896654378463,5,3.536896255499549e-05
2.754604450940701,9.105286017757793,4,0.0
3.1493758292719383,14.3001991329369,2,0.0008328383237928519
8.91837717457928,13.181487169066717,2,0.010641742565999082
7.712904107872948,11.919909365257347,5,1.9060597481409123e-05
3.908720646931832,5.065508619647995,3,0.0023607560153457072
7.486852827831962,14.838176737627272,4,4.0261794426011025e-05
6.9738714658130325,9.849528690750104,4,8.258927018246323e-05
7.652900417219998,7.497005971306704,2,0.048139820221522696
8.808629013040315,2.2245665031507915,4,2.8011671728381202
6.82678791395416,14.673151964772192,2,0.0031285737037799136
8.066689486207014,2.6190525364558477,1,98.41485508387655
2.6667139240404802,2.359787510421454,2,0.22550451768238808
2.8863225305469484,14.403086127883373,3,3.5941412297656045e-05
9.616113983518877,2.69927115184254,1,108.5363653689882
1.223980896459749,9.248992303510441,5,0.0
2.715495271272099,3.361231338557641,3,0.00872786414482455
4.644703691265002,5.060098223409179,2,0.04797622948882159
2.690922816491173,2.9138625114644876,5,0.000952088062423101
8.59809976255946,7.741138446863532,2,0.06029153356297549
8.454952161592765,5.285422875175023,4,0.007774986842139753
6.517974395518644,12.52297862958814,2,0.005581677741075122
5.103435215896544,5.325712741446431,5,0.0001577391875676638
8.323947459387227,4.474340206691395,2,1.2235525355729522
4.572980379380869,2.938019200508142,5,0.0014264282656772497
2.424567286482009,5.273388784026519,1,0.15343780388360018
6.250035903102818,7.737165193042792,1,0.5734733557657589
3.501339683142243,11.182933580419187,4,0.0
5.539821195889644,5.943780137318567,1,4.055949760681396
8.669708441411935,12.762727651902734,5,7.687877034149395e-05
3.1094930358342667,6.075402748472951,1,0.14526141651907934
5.2793525339746346,3.815323938284685,1,50.536528081258574
9.570258353130257,8.962825106948443,5,0.00011490513381317367
6.860120256468909,5.5941618046054895,3,0.013328918772521958
2.6869885042188137,5.906984247023084,1,0.14074340119077888
4.136246321383549,10.866061858280904,3,0.0004054762284784257
5.418203347198815,2.167315399497727,2,35.872368884345114
9.606622995001578,2.3641499830806976,4,6.265214420749996
6.691208232883227,7.483890619390383,3,0.004623039058582123
9.74618822926594,3.420575682961238,2,39.492287450003445
6.783523518348594,13.970422236545515,1,0.06322740644403893
5.456097374399626,7.8288762550859285,4,0.00036205629740856867
5.551065274568856,7.841494003400212,4,0.00010938232034580066
9.283358439033126,8.388863648779578,3,0.010473627640536502
4.252264670555561,14.2282808975722,2,0.0010465998215628963
2.381225477097876,9.825004766731972,3,0.0003823447129644845
8.52374797431619,11.530004570003177,5,8.023304636662554e-06
1.4208463709724788,6.234395297758942,2,0.003076715573430091
5.613187688578106,14.014706347781274,5,0.0
4.729491700785695,9.84328208746732,4,2.2760429992845582e-05
5.8664140758988355,7.897724457711464,4,0.00025691333058187416
9.532050852469508,9.868514640061495,5,6.185320724847656e-07
6.378911599367189,7.618353082204898,3,0.002400578245366966
8.39331875048409,9.72360804136664,2,0.026566195308267333
7.304060712805609,12.295516236372805,5,0.0
1.3421201439168275,12.278067084886933,4,0.0
9.578222466794259,11.201905994780143,3,0.0030292463115847777
3.8666275781221495,13.313373033183346,1,0.03206138599389417
2.1868282903990997,11.36693044562564,5,0.0
7.118583144308128,5.605990421219168,1,33.93230941750058
5.918818765403543,7.087640851762298,2,0.028692971779619252
8.167696314163095,7.269285672759748,4,0.0017793780861257965
9.59509360325142,11.373390499053272,1,0.6914825868438256
5.745714812114565,5.288450459242366,5,0.0001875943882778965
6.446328631968723,14.550843761791436,5,1.1612019857004014e-05
7.554550375396699,4.776657169838344,2,0.3106217757181275
5.602031468995588,4.065633716761773,2,0.23984379627712818
1.0014784594835424,7.362869979009161,3,0.0
4.229322534597065,5.6437979034099595,2,0.035988015009141276
7.763682028095573,4.490194386296681,2,0.5204476065078424
7.339740424070685,10.052693956882663,3,0.0011890041049226056
8.017777619496163,14.734600907646694,2,0.0056821629590475325
7.9192519091676745,14.246807471894487,1,0.08623799018185212
9.182831312047815,7.729784560505534,2,0.08153206656780057
7.815706302309879,3.6914955861473424,2,8.752035770416182
3.271380996493584,5.614429502791539,1,0.23401208702397083
9.74492722504437,13.780647903881311,4,0.00017492865851155643
3.188661628742092,11.743091484175995,4,6.228709799632631e-06
9.076704480604999,3.6805333668541245,4,0.0489982238714151
8.419101249911112,5.916797931258902,1,38.02892988790279
8.047804989557871,8.234472026255716,2,0.04652917134050834
4.589734731810294,5.95648764063028,3,0.00243335112397419
5.851954463985026,3.7907315810954527,4,0.011857773858573997
6.382087885341246,14.807511533665023,3,0.00020574321810393927
6.450246080475247,14.616930890144271,5,0.0
5.860324240942745,3.7436292784067566,2,0.3021046350273624
2.5117450830647567,3.2625850405064307,3,0.007594708412866967
5.431283585202559,3.3557747313592072,3,0.08833207138115226
9.497530902203538,11.120892056515403,4,0.00022357674601100605
8.835872644439204,4.713086101978805,5,0.0029471497697489486
1.1277376873714737,9.607364823683788,4,0.0
8.623615776039298,4.729315697836757,2,0.9044880313119648
2.799236337726772,7.959640064758441,5,0.0
1.5020622501208394,10.83469625309653,3,0.0
6.790568189841624,12.441166218686512,3,0.0009602273615204996
5.496920461461949,7.547834439598316,4,5.020858842925351e-05
6.3074806064085855,7.299466123997438,3,0.003998181031516451
2.7782688811963263,4.02414483299722,5,1.2816645472660143e-05
4.742609333886848,2.461606468604449,1,76.56851846562134
4.577460670671874,2.305928421491659,1,77.60854701134352
1.6205399370835853,5.374887438243437,5,0.0
4.719016509255738,8.340468612408877,1,0.12617929696330638
1.1552920093122767,8.385454368839984,1,0.01875209655364252
7.2135649431136155,10.267013022334373,4,0.00013688852196936548
7.560835022431844,4.435584724360204,3,0.07121589212440799
5.156743807246709,8.65155253848489,1,0.151806140341038
1.8463811460049082,2.8198255492224598,3,0.007582736929875041
6.920297247115577,3.6894106198958747,3,0.09015966907997798
8.765729132035837,8.638252484060217,3,0.004905205457166361
7.4655160993782586,5.2769986810120395,2,0.26635748853617763
6.1994483705857295,13.993813733660815,4,2.9439375731911323e-05
5.682276375947546,12.02182969050082,3,0.00027686643806265713
1.0640753602764876,10.590753758914099,4,0.0
8.254712058277853,14.450542182163641,3,0.0006660068747838082
9.620997908808151,7.363014996796778,5,0.0004188663853766489
3.2629638248278052,8.25270765250222,2,0.0038371635044074006
2.9600849913845297,6.272920589604788,4,0.0
3.1235512027390504,11.364199600571318,2,0.002631819812709014
7.3019934461463745,6.362261068602193,4,0.0008171383219477028
8.893952806042074,8.309694769073369,3,0.0060323081612279695
5.698198141427901,10.998835950473964,3,0.0004001342394988443
2.9309154566703444,12.842801091901872,4,0.0
4.0288715206690595,8.480316899948235,4,6.709822535744803e-06
9.653139129081525,10.520665305862936,3,0.0029349059617515935
5.0352003478058025,9.798275159022555,4,0.0
1.271522571779068,2.7237643705503896,5,0.0
7.2884106421032,10.275346019218205,1,0.20882941901292132
5.449490261215488,11.04616786909144,1,0.0802366870957282
2.629406708795776,7.599071839394015,5,0.0
6.626381219215072,8.020772225321345,5,1.2277343623834437e-05
4.534932439290183,4.849943045088182,2,0.05936500051412407
6.209614704781501,3.345997401868192,4,0.011833950468401168
9.897037502389516,13.714782169322865,4,0.00011277158372057053
9.580028923223027,8.062616533347615,3,0.009940182482376821
6.190638232137559,4.613624323588258,2,0.15786275741479086
6.428456675006385,10.29734239866901,1,0.1682208164956315
2.39461694029451,2.678391172064064,5,8.504289083808379e-05
4.325717640721201,2.338657762999498,1,69.03269763741827
7.285287554786329,9.484026371099546,2,0.015594044798763165
4.886560663534333,3.3674982066109016,2,0.26327346530196877
4.105812111669861,7.914955215401938,4,0.0002809701338380118
6.995029691421362,2.24063674530832,1,101.39287162578546
7.575106780820641,9.081809459224294,1,0.5255522272061675
2.079425414985667,14.859224229561905,5,0.0
8.02842109958096,12.630479876637162,3,0.001117017321707235
6.699061488433504,13.606516750242104,3,0.00023330895418682495
9.506794492166746,11.707393999788613,4,0.00015290283478468943
6.465357303675206,2.558269022609924,2,33.009454138341184
8.214432204216884,13.464684077899852,2,0.0050765359538243165
1.966862625718215,5.1338817145031435,4,0.0
1.6102464211373708,3.0123243482455635,5,0.0
8.309969624921932,11.836973517612208,1,0.19607805081333077
4.516641398428855,12.360706668415686,3,8.841375663849599e-06
7.172326292796662,11.419751342792331,5,0.0
2.107820967888142,12.737225603257254,3,3.380505986935337e-06
6.240748283852951,12.075410036405232,3,0.0006936934773129967
7.836975833729312,13.410738080420803,3,0.0005198973429480898
7.303149428397117,7.2036589198104535,2,0.055171768735730875
7.0766073893475046,3.3136788301834215,5,0.013860881673919233
2.7377060372283646,5.51500398238465,4,0.0
1.6609377280561013,8.931183754901728,4,0.0
1.9683775093551876,14.803657972950036,5,0.0
8.68699544575853,6.760406002891836,4,0.004053958749965483
5.247495811716721,4.8328850174289055,3,0.014492419408517096
6.5660728236015755,12.83162904725544,3,0.0006907449164720438
3.3876408318112654,13.844561750227752,4,0.0
7.546971508311661,11.84003486989179,3,0.0008127213809594571
3.2084776165018747,10.90221705151428,3,4.056861226178742e-05
4.626245158220676,9.882419445808729,3,0.0002977525998666281
3.358336209976868,7.445390170525218,1,0.12272562693592903
4.224860039678894,6.671197605951832,5,1.0857236439345238e-05
1.4531449711699795,14.059168180813147,3,0.0
1.8985943636213398,13.203041622442537,4,0.0
3.79700663633898,4.353937929404125,2,0.041723183869584964
5.516595657631713,4.87702919559087,4,0.0022041160382315498
7.134580716122848,13.543465317702067,1,0.08703025728588212
2.9910716501913956,9.329685169653608,3,1.1403060254554109e-05
9.140149595724678,4.6613891967089405,1,72.50228345987874
3.357721968591649,3.037252871077087,5,0.0003809793292917438
9.850957871252879,10.094023486131219,5,4.6795707078978005e-06
1.4998884638663763,2.669082940561628,1,0.3182478047905682
5.619402208091042,2.222661529345091,5,0.013352023811447518
5.639620791129211,8.02431062008454,1,0.3311902019177098
2.1164642406098424,8.70937753329003,1,0.034149012592607005
1.0692529697203836,2.575905218615226,1,0.3996328275002358
2.949864718857759,7.485245397895637,1,0.0699633430185131
5.936018425952806,7.354978412124311,1,0.38932259982663414
3.550337010200993,2.2445812198060757,4,0.013743363930996424
8.128838319821742,12.700711697262232,2,0.009334018727371142
6.712095710652978,3.9173871455912583,3,0.041101896764366534
9.489116542890466,7.063332068012255,4,0.0022748132952897055
8.679163492410273,10.608057908004147,3,0.002743142841034294
2.3710668272375606,8.27908456540197,3,0.0007779121155574171
9.11237393770016,9.304957234667514,5,7.938435615414858e-05
5.438665265113702,5.971488727336699,4,0.000509253325729383
9.767799821501544,4.855019881667046,2,3.8876449428855064
7.867792132899858,5.347182454058756,3,0.03040440781015697
7.889233295212199,4.702027804020418,4,0.012770756907297008
2.05828271145588,6.932803086683908,2,0.00319224721717848
2.0215406042590063,2.8319994805105386,3,0.0015537855409898937
5.731387009503116,11.317528312174463,1,0.09566023026262947
8.970183977462638,10.573733422527024,5,4.5002660746327065e-05
6.437724679324068,7.768728252435167,3,0.0035380827180230908
9.348369044193046,4.854666373748065,2,8.348203294067035
7.9780795954694375,13.340856119004798,1,0.13363600999988998
3.7671624388316824,10.932984614952073,4,0.0
8.798654064198832,13.846296120959613,5,4.83428925114215e-06
1.6511272323444595,5.409876261059116,2,0.004427973963819932
7.682857518448933,2.1460754131083184,2,64.39869620787695
1.0020014043373555,13.949412520989645,3,0.0
7.54286654960137,13.392725054439476,2,0.006851727680911343
5.780143523081213,9.072475399991395,1,0.18497142214385695
8.127309168044679,9.51532314099156,3,0.004917668354946838
6.768838288612533,6.486939396014754,3,0.008641428949290087
5.078675934902114,10.144843821772405,2,0.00952981864421298
6.44479768362206,9.53482967241924,3,0.0012047317048641984
9.893216257907282,6.944255514961305,4,0.002773086969351999
6.099692817383297,12.23509098368048,2,0.005688551087284118
1.59569592481524,10.48991553924595,4,0.0
8.345092584317566,13.12227308587174,2,0.00966785278374555
4.810736519958077,14.88464311930803,2,0.0022240967420890153
7.275913730401321,4.630703246101419,4,0.00486221443453361
8.998090535639044,11.574474205707112,3,0.0026589221127322066
5.440288229683425,12.525726090210345,5,1.4619731925436243e-05
2.4668570024430516,4.551979279377481,3,0.0013481722561927841
2.672250644910106,13.206441871708522,4,0.0
7.222778659086938,12.34212393417123,1,0.11527777330746325
7.3033316384233,7.589547776054693,3,0.005239714796591406
3.4572888116838687,4.679547452810172,5,1.0929975790821598e-05
6.846591536140229,14.376476345830472,1,0.05153865698872175
6.170835228207294,12.170361038672226,4,2.0757454962079883e-05
1.6676957916759934,7.380342945677281,3,0.0
9.847087425977257,13.653936991736739,4,4.02182984673175e-05
2.6338152881202985,7.757227273210769,1,0.06568329349216726
2.358612182654528,5.649136103324043,5,0.0
8.543058354178948,4.17980328140116,5,0.003633079283001098
5.6959516476095065,12.239468805035559,2,0.004915193699032929
8.863118359670388,5.863667507026092,2,0.17411156468379843
5.4266700661494305,5.253590354770682,5,0.00031146545338739883
1.2671466275845118,14.939162869087436,2,0.0002475158777107239
9.690353806351663,10.925098312741993,1,0.8946283838140492
2.792358219418954,13.58811753680757,3,2.4423410055756474e-07
7.414187348587561,5.090646301748503,4,0.004675794970970901
8.963381454843315,2.4787556403956215,4,0.49240756962381743
6.229714022901184,5.674767954384552,1,14.464790985915833
6.344001652875073,10.598792332707914,2,0.008804794277230082
2.2254425904709905,11.433061915593449,5,0.0
8.012545679581375,4.617866920816372,3,0.055042488543009374
4.720657244138296,3.1923662375953272,1,41.19307997994519
5.595144013565986,11.058671684486736,2,0.007048079480844611
8.769092503602746,5.100340935624021,1,62.11317067787683
4.677900295573389,14.046541049896504,2,0.0021102540752901623
3.920631745864788,2.0699894695148506,1,71.7105904327371
9.24347342921865,6.417418307609526,3,0.018363021485338867
9.10866693859061,8.430070686667207,1,10.221396279867749
1.9680153790452448,3.197526453881386,3,0.0017936574255452895
5.0731350426801525,4.874239724006005,4,0.0008830299644822002
9.81283606983166,7.033151279461125,3,0.01683591940440663
8.671008341671989,13.517382581166311,1,0.11642007735142863
8.990590655768813,3.7320810964100186,4,0.06303108732483127
7.395142891606289,2.0505027270720317,2,61.28621774248465
6.755055820505275,13.137795060127283,3,0.0004298170867078827
5.250825180496962,3.09252288352333,4,0.015207513691191896
8.576352523123617,12.185643809314705,1,0.21215641271136895
4.773214327302423,12.169405389410215,5,0.0
5.163000205950624,9.349609007353639,5,0.0
6.147079156760105,3.1849800219661333,5,0.007645405648913099
3.3039016198588254,8.788074024500187,4,8.308528212231459e-05
3.8286346117863728,8.814421743034963,5,0.0
9.12798195224476,3.8546831018315726,5,0.010626867484608175
6.510246710149307,2.9569997977824074,1,77.79651161540224
9.177777379509275,3.7747470431044,1,86.1983349534436
8.389195143873687,5.234412954344419,4,0.007311467457520204
1.3427990045151539,6.160115686307288,2,0.0023055045406025717
8.462922751683621,7.987542534764255,4,0.000699304814834491
7.533911796602939,12.78087928106176,5,3.0678280898268506e-05
8.236708599890779,13.334235854364273,5,5.940726095615528e-06
6.12416692769704,11.498513227019282,3,0.0005284713844420569
8.02829033830686,2.6520355361376753,5,0.030013295296142602
2.7548226719255684,6.356195764860824,2,0.006095149477408846
1.2364522212743316,11.663754740902329,1,0.010394186834363007
5.844023430296688,7.698323951354635,5,5.930218577917617e-06
9.247323373527202,6.8039632122286395,5,0.0010675680250521033
2.635436008400246,9.189913650561454,4,0.0
1.8700898022687813,9.92042879639723,1,0.02039305248649786
4.305441829121774,13.324696956261125,1,0.0286404358958542
4.289844208876874,13.586615683453278,4,0.0
5.433654057489859,11.156329670801995,4,4.299312296584565e-05
7.08371259764621,13.609534135267873,1,0.0924200229919127
6.359585788666549,10.559545195433005,1,0.1372309210085382
5.493186647782413,14.531035572008374,5,0.0
1.352726950852808,5.625896752926369,4,0.0
2.874901966916863,12.937757712090349,2,0.0016538823556293489
9.817410757708723,3.9145653715830995,1,88.5902984383541
3.3650363133695445,9.339171139955493,1,0.06668341989462029
2.2971325946109267,7.565928024527283,2,0.0035705268617198154
4.326012327233994,11.76419102681172,2,0.00261146718089984
7.117425812296967,8.258140670581591,1,0.6948474046689033
4.844837569358194,2.6188558634983035,5,0.007263317841698886
1.500270671028079,2.2963556085558903,3,0.004751979415957387
5.805977654458049,3.593001633326951,3,0.06966924109170539
1.9325483829721046,6.909582381766125,1,0.06911363448630521
6.148647865888219,2.362296239993944,3,0.7192060977132565
5.443898043787006,10.807386467375045,3,0.00032036037464401064
9.726426319897639,10.613918725972121,4,0.00042232596991549143
9.287230495413805,9.715522528327654,5,7.567546666038768e-05
8.52321513481801,10.703107070175932,5,7.964522693334623e-06
2.8000354775135876,10.705219134434016,1,0.03517665976133475
3.0306730275838887,7.573751100551505,4,0.0
9.4215077190828,13.05786463794106,1,0.16534491273035742
7.85353612688282,10.860666613069665,1,0.26435819123372906
3.9800111068716424,11.402307613246762,4,2.439602264236107e-05
9.311418574163026,4.807987492793567,4,0.014190241882256502
5.9726705591657065,5.723936304663392,4,0.002677563349119086
7.799765348717855,3.2007391246262613,1,88.32937544912753
1.8538346694155252,9.251064217139344,1,0.02847774544394282
2.207035653585965,8.048171128346013,5,0.0
2.120344576897875,5.397397473809222,2,0.01100964942293555
1.659519591457712,13.634075677692563,5,0.0
7.9612909201777065,9.659069282433016,3,0.002168707045678972
7.90949071282819,4.20912577636124,1,62.955444428305455
2.9065339857807215,6.5978341532289955,1,0.16924976003741016
8.909454777392202,8.398063582999246,3,0.005469287116716016
4.132279569611197,6.203511824696513,3,0.0018784906964401393
9.526356780596627,2.5810234640759395,2,74.72204902654329
4.813892766203588,7.303962940497314,2,0.011872655758394631
4.387688365225424,5.864213379036831,5,0.00015227096052569734
9.238863626914808,13.498012245698051,2,0.009730133229277035
6.1022746153186365,5.949810407378138,5,0.00027053879763426047
7.249861702777247,6.824255689471994,5,9.163029715156739e-05
7.917377910946821,4.789530791855668,4,0.009371026226818817
2.7509953552718525,8.641450847136468,2,0.002724183694176646
4.925196188924954,8.948416007190986,1,0.13596829613914282
5.100040520493935,7.993467488702751,1,0.2198835800600023
7.740223522719558,14.72465267379172,4,1.0576328312571853e-06
5.857891956254509,3.483914403335,5,0.002391385324905999
2.7538973386165297,2.553006563763053,3,0.022257336736995422
7.933585627932106,2.6431032127480734,5,0.04492157332997552
7.96638319409802,9.310614164575927,1,0.4535463805438197
6.013214877111805,10.849357348570065,3,0.00032474256398642585
5.154225041668216,13.622358794567855,3,0.00022850707346107023
2.4011313637398226,9.264059669623622,1,0.045653788821772526
6.941847477524198,4.347310995514938,3,0.04120992123193171
7.422143241490877,13.498731631474527,1,0.10893383529783413
4.972275083270418,9.151403559677476,3,0.0005509714434816287
5.38642117032494,14.89579875964528,3,0.00011268226177673851
8.835623100937475,9.47277356566719,1,1.5818593782446515
1.4924544674351385,13.344192817935504,1,0.005987980194602656
7.947745922089384,7.273509605325339,4,0.002151185362772324
1.955627371019904,12.11978813178077,3,0.0
8.641643865213219,8.699462114683438,5,6.816547550229057e-05
3.126114462267919,7.95345438790208,4,0.0
1.171981550418623,3.641081329721482,5,0.00013946222573689917
4.322744840882548,8.589000016207725,3,0.000503355003585784
7.46956909183397,14.508936267672762,5,0.0
2.3097379361468318,11.556849320328983,1,0.02143015797839287
8.506777241244784,3.039352527205426,2,47.18094506656856
3.429796911722571,11.082170317445728,2,0.0016694981357048865
3.9762584260323193,11.421903323448632,3,0.0001443453387870708
5.257341914750436,7.019145256509946,4,0.00027369422337080525
4.515641089137089,5.066561287311089,1,2.466619516493447
4.049005097036479,11.790398425498097,3,7.053338411967849e-05
6.227252069046885,10.580306308138642,4,8.487677525127881e-05
9.569776739126159,6.904239273878047,1,37.863677169427994
6.0094872486489805,12.537408997899197,3,0.001254219092847137
8.333909958137887,11.712560731077865,3,0.0010699708968679755
8.697836293653586,5.593061147047626,5,0.0017946278176683094
5.530967223340407,14.767192222160592,3,6.238004888418906e-05
7.321972683305152,14.661472635712684,4,0.0
3.7738606864113624,6.867092588345773,1,0.17911259107940977
7.293935517206082,5.7314015038554675,3,0.015515170718691275
7.327252030517258,13.489933663408209,4,0.00016252528720208162
9.407620800271019,13.829471339163202,3,0.0009360101900793015
4.307080572266257,9.451465628238633,5,2.711217645124266e-05
9.971509489525978,9.635437601391127,4,0.0004908350624039039
6.243003922937731,4.939825450228187,3,0.017181667600291085
8.382766692870934,12.173978117274295,1,0.16582121009462705
9.115144447325356,8.529523299124776,5,0.00011365131589486715
8.426557934395326,11.581315375676962,5,0.0
7.409053316013987,13.536528126135197,1,0.08231139995180999
8.089708719634512,14.474885128589975,4,4.1807714116356524e-05
8.339721883216393,10.196235830930862,4,0.00032688303523722496
6.369297785476202,12.566795611294191,1,0.075867554459236
7.038864600250957,6.507631738117752,5,0.00010239758230700549
1.4398057095558325,14.480693518525008,4,0.0
3.7863148026355806,10.503142810862942,3,0.00022102013679375256
4.979609768172663,5.921006270429893,1,0.4807739383891062
7.254120904971079,8.153225904777873,4,0.0007831962140610649
8.375511359039209,4.429763187796445,2,1.3128541133937623
1.0372923601782453,12.197111449342483,2,0.0
8.690162048886128,9.838475239183694,5,5.00553139879127e-05
3.1999235061821234,7.395806878075229,5,0.0
3.6484561707939083,7.0515848764691516,4,0.00013668647290596608
5.074451820000742,12.375139968089812,5,0.0
3.7676686660837166,9.494440381136013,5,0.0
1.3702989531965608,14.235060380129214,1,0.010092524806491754
6.312031796374672,7.3218576116882135,3,0.0028127099733580778
8.121738736444847,7.701105666720327,5,0.00040245511396796546
4.35119545719952,5.443356483175958,5,2.303882611858315e-05
1.9725014764732807,13.71726034032775,3,0.0
6.80325093186986,14.791592352289081,1,0.06954308741688994
8.117080318202465,6.203895166399118,1,35.28746864133077
7.629735083700957,13.925657358321985,3,0.0004038766635308939
2.255235646938493,11.861256081000736,3,2.907366464421782e-05
3.1141892479481745,8.155292677142802,2,0.005468592899758366
5.624451042691468,7.520888977340836,2,0.022359998794220612
7.030002684829563,8.975381348220456,1,0.467279569207885
8.341950767067228,9.849178250349368,5,4.313056042020332e-05
5.067484882160103,14.965438816744726,2,0.001356021444050143
5.879213591453458,10.501270205516382,3,0.000745915441608438
5.169387807910148,13.120985224590683,5,0.0
7.28924242440529,12.235091390063038,5,1.0524355296591176e-05
4.28921798708169,3.750493384820128,5,0.0002831161131870811
1.5039418666227715,14.945668449788938,2,9.254446422112457e-05
9.3201149086984,5.82134385054386,2,0.268000684244708
6.66206186661988,4.833416252352201,2,0.1965253464107773
9.679922303877582,5.113831655930964,2,1.0474187530803585
8.162130581254408,6.937328205083333,5,0.0002909594853081811
4.808021991916483,8.648729767373627,4,0.00013734203686394594
7.576038553916077,3.1745404800955814,4,0.057285660866832164
7.376744361443105,4.549542871729827,4,0.008479423468486277
1.911581051983569,5.447746998027892,5,0.0
